state_id,state_name,district_id,district_name,Discrepancy,district_name_cowin,Remark,district_id_add
1,Andaman and Nicobar Islands,3,Nicobars,Nicobars,Nicobar,,
1,Andaman and Nicobar Islands,1,North and Middle Andaman,North and Middle Andaman,North and Middle Andaman,,
1,Andaman and Nicobar Islands,2,South Andaman,South Andaman,South Andaman,,
2,Andhra Pradesh,9,Anantapur,Anantapur,Anantapur,,
2,Andhra Pradesh,10,Chittoor,Chittoor,Chittoor,,
2,Andhra Pradesh,11,East Godavari,East Godavari,East Godavari,,
2,Andhra Pradesh,5,Guntur,Guntur,Guntur,,
2,Andhra Pradesh,4,Krishna,Krishna,Krishna,,
2,Andhra Pradesh,7,Kurnool,Kurnool,Kurnool,,
2,Andhra Pradesh,12,Prakasam,Prakasam,Prakasam,,
2,Andhra Pradesh,13,S.P.S. Nellore,S.P.S. Nellore,Sri Potti Sriramulu Nellore,,
2,Andhra Pradesh,14,Srikakulam,Srikakulam,Srikakulam,,
2,Andhra Pradesh,8,Visakhapatnam,Visakhapatnam,Visakhapatnam,,
2,Andhra Pradesh,15,Vizianagaram,Vizianagaram,Vizianagaram,,
2,Andhra Pradesh,16,West Godavari,West Godavari,West Godavari,,
2,Andhra Pradesh,6,Y.S.R. Kadapa,Y.S.R. Kadapa,"YSR District, Kadapa (Cuddapah)",,
3,Arunachal Pradesh,22,Anjaw,Anjaw,Anjaw,,
3,Arunachal Pradesh,20,Changlang,Changlang,Changlang,,
3,Arunachal Pradesh,25,Upper Dibang Valley,Upper Dibang Valley,Dibang Valley,,
3,Arunachal Pradesh,23,East Kameng,East Kameng,East Kameng,,
3,Arunachal Pradesh,42,East Siang,East Siang,East Siang,,
3,Arunachal Pradesh,17,Itanagar Capital Complex,#N/A,Itanagar Capital Complex,add to Pampum Pare,39
3,Arunachal Pradesh,24,Kamle,Kamle,Kamle,,
3,Arunachal Pradesh,27,Kra Daadi,Kra Daadi,Kra Daadi,,
3,Arunachal Pradesh,21,Kurung Kumey,Kurung Kumey,Kurung Kumey,,
3,Arunachal Pradesh,33,Lepa Rada,Lepa Rada,Lepa Rada,,
3,Arunachal Pradesh,29,Lohit,Lohit,Lohit,,
3,Arunachal Pradesh,40,Longding,Longding,Longding,,
3,Arunachal Pradesh,31,Lower Dibang Valley,Lower Dibang Valley,Lower Dibang Valley,,
3,Arunachal Pradesh,18,Lower Siang,Lower Siang,Lower Siang,,
3,Arunachal Pradesh,32,Lower Subansiri,Lower Subansiri,Lower Subansiri,,
3,Arunachal Pradesh,36,Namsai,Namsai,Namsai,,
3,Arunachal Pradesh,19,Pakke Kessang,Pakke Kessang,Pakke Kessang,,
3,Arunachal Pradesh,39,Papum Pare,Papum Pare,Papum Pare,,17
3,Arunachal Pradesh,35,Shi Yomi,Shi Yomi,Shi Yomi,,
3,Arunachal Pradesh,37,Siang,Siang,Siang,,
3,Arunachal Pradesh,30,Tawang,Tawang,Tawang,,
3,Arunachal Pradesh,26,Tirap,Tirap,Tirap,,
3,Arunachal Pradesh,34,Upper Siang,Upper Siang,Upper Siang,,
3,Arunachal Pradesh,41,Upper Subansiri,Upper Subansiri,Upper Subansiri,,
3,Arunachal Pradesh,28,West Kameng,West Kameng,West Kameng,,
3,Arunachal Pradesh,38,West Siang,West Siang,West Siang,,
4,Assam,46,Baksa,Baksa,Baksa,,
4,Assam,47,Barpeta,Barpeta,Barpeta,,
4,Assam,765,Biswanath,Biswanath,Biswanath,,
4,Assam,57,Bongaigaon,Bongaigaon,Bongaigaon,,
4,Assam,66,Cachar,Cachar,Cachar,,
4,Assam,766,Charaideo,Charaideo,Charaideo,,
4,Assam,58,Chirang,Chirang,Chirang,,
4,Assam,48,Darrang,Darrang,Darrang,,
4,Assam,62,Dhemaji,Dhemaji,Dhemaji,,
4,Assam,59,Dhubri,Dhubri,Dhubri,,
4,Assam,43,Dibrugarh,Dibrugarh,Dibrugarh,,
4,Assam,67,Dima Hasao,Dima Hasao,Dima Hasao,,
4,Assam,60,Goalpara,Goalpara,Goalpara,,
4,Assam,53,Golaghat,Golaghat,Golaghat,,
4,Assam,68,Hailakandi,Hailakandi,Hailakandi,,
4,Assam,764,Hojai,Hojai,Hojai,,
4,Assam,54,Jorhat,Jorhat,Jorhat,,
4,Assam,49,Kamrup Metropolitan,Kamrup Metropolitan,Kamrup Metropolitan,,
4,Assam,50,Kamrup,Kamrup,Kamrup Rural,,
4,Assam,51,Karbi Anglong,Karbi Anglong,Karbi-Anglong,Map to Karbi Anglong,
4,Assam,69,Karimganj,Karimganj,Karimganj,,
4,Assam,61,Kokrajhar,Kokrajhar,Kokrajhar,,
4,Assam,63,Lakhimpur,Lakhimpur,Lakhimpur,,
4,Assam,767,Majuli,Majuli,Majuli,,
4,Assam,55,Morigaon,Morigaon,Morigaon,,
4,Assam,56,Nagaon,Nagaon,Nagaon,,
4,Assam,52,Nalbari,Nalbari,Nalbari,,
4,Assam,44,Sivasagar,Sivasagar,Sivasagar,,
4,Assam,64,Sonitpur,Sonitpur,Sonitpur,,
4,Assam,768,South Salmara Mankachar,South Salmara Mankachar,South Salmara Mankachar,,
4,Assam,45,Tinsukia,Tinsukia,Tinsukia,,
4,Assam,65,Udalguri,Udalguri,Udalguri,,
4,Assam,769,West Karbi Anglong,West Karbi Anglong,West Karbi Anglong,,
5,Bihar,74,Araria,Araria,Araria,,
5,Bihar,78,Arwal,Arwal,Arwal,,
5,Bihar,77,Aurangabad,Aurangabad,Aurangabad,,
5,Bihar,83,Banka,Banka,Banka,,
5,Bihar,98,Begusarai,Begusarai,Begusarai,,
5,Bihar,82,Bhagalpur,Bhagalpur,Bhagalpur,,
5,Bihar,99,Bhojpur,Bhojpur,Bhojpur,,
5,Bihar,100,Buxar,Buxar,Buxar,,
5,Bihar,94,Darbhanga,Darbhanga,Darbhanga,,
5,Bihar,105,East Champaran,East Champaran,East Champaran,,
5,Bihar,79,Gaya,Gaya,Gaya,,
5,Bihar,104,Gopalganj,Gopalganj,Gopalganj,,
5,Bihar,107,Jamui,Jamui,Jamui,,
5,Bihar,91,Jehanabad,Jehanabad,Jehanabad,,
5,Bihar,80,Kaimur,Kaimur,Kaimur,,
5,Bihar,75,Katihar,Katihar,Katihar,,
5,Bihar,101,Khagaria,Khagaria,Khagaria,,
5,Bihar,76,Kishanganj,Kishanganj,Kishanganj,,
5,Bihar,84,Lakhisarai,Lakhisarai,Lakhisarai,,
5,Bihar,70,Madhepura,Madhepura,Madhepura,,
5,Bihar,95,Madhubani,Madhubani,Madhubani,,
5,Bihar,85,Munger,Munger,Munger,,
5,Bihar,86,Muzaffarpur,Muzaffarpur,Muzaffarpur,,
5,Bihar,90,Nalanda,Nalanda,Nalanda,,
5,Bihar,92,Nawada,Nawada,Nawada,,
5,Bihar,97,Patna,Patna,Patna,,
5,Bihar,73,Purnia,Purnia,Purnia,,
5,Bihar,81,Rohtas,Rohtas,Rohtas,,
5,Bihar,71,Saharsa,Saharsa,Saharsa,,
5,Bihar,96,Samastipur,Samastipur,Samastipur,,
5,Bihar,102,Saran,Saran,Saran,,
5,Bihar,93,Sheikhpura,Sheikhpura,Sheikhpura,,
5,Bihar,87,Sheohar,Sheohar,Sheohar,,
5,Bihar,88,Sitamarhi,Sitamarhi,Sitamarhi,,
5,Bihar,103,Siwan,Siwan,Siwan,,
5,Bihar,72,Supaul,Supaul,Supaul,,
5,Bihar,89,Vaishali,Vaishali,Vaishali,,
5,Bihar,106,West Champaran,West Champaran,West Champaran,,
6,Chandigarh,108,Chandigarh,Chandigarh,Chandigarh,,
7,Chhattisgarh,110,Balod,Balod,Balod,,
7,Chhattisgarh,111,Baloda Bazar,Baloda Bazar,Baloda bazar,,
7,Chhattisgarh,112,Balrampur,Balrampur,Balrampur,,
7,Chhattisgarh,113,Bastar,Bastar,Bastar,,
7,Chhattisgarh,114,Bametara,Bametara,Bemetara,,
7,Chhattisgarh,115,Bijapur,Bijapur,Bijapur,,
7,Chhattisgarh,116,Bilaspur,Bilaspur,Bilaspur,,
7,Chhattisgarh,117,Dakshin Bastar Dantewada,Dakshin Bastar Dantewada,Dantewada,,
7,Chhattisgarh,118,Dhamtari,Dhamtari,Dhamtari,,
7,Chhattisgarh,119,Durg,Durg,Durg,,
7,Chhattisgarh,120,Gariaband,Gariaband,Gariaband,,
7,Chhattisgarh,136,Gaurela Pendra Marwahi,Gaurela Pendra Marwahi,Gaurela Pendra Marwahi ,,
7,Chhattisgarh,121,Janjgir Champa,Janjgir Champa,Janjgir-Champa,,
7,Chhattisgarh,122,Jashpur,Jashpur,Jashpur,,
7,Chhattisgarh,123,Uttar Bastar Kanker,Uttar Bastar Kanker,Kanker,,
7,Chhattisgarh,135,Kabeerdham,Kabeerdham,Kawardha,,
7,Chhattisgarh,124,Kondagaon,Kondagaon,Kondagaon,,
7,Chhattisgarh,125,Korba,Korba,Korba,,
7,Chhattisgarh,126,Koriya,Koriya,Koriya,,
7,Chhattisgarh,127,Mahasamund,Mahasamund,Mahasamund,,
7,Chhattisgarh,128,Mungeli,Mungeli,Mungeli,,
7,Chhattisgarh,129,Narayanpur,Narayanpur,Narayanpur,,
7,Chhattisgarh,130,Raigarh,Raigarh,Raigarh,,
7,Chhattisgarh,109,Raipur,Raipur,Raipur,,
7,Chhattisgarh,131,Rajnandgaon,Rajnandgaon,Rajnandgaon,,
7,Chhattisgarh,132,Sukma,Sukma,Sukma,,
7,Chhattisgarh,133,Surajpur,Surajpur,Surajpur,,
7,Chhattisgarh,134,Surguja,Surguja,Surguja,,
8,Dadra and Nagar Haveli and Daman and Diu,137,Dadra and Nagar Haveli,Dadra and Nagar Haveli,Dadra and Nagar Haveli,,
37,Dadra and Nagar Haveli and Daman and Diu,138,Daman,Daman,Daman,,
37,Dadra and Nagar Haveli and Daman and Diu,139,Diu,Diu,Diu,,
9,Delhi,141,Central Delhi,Central Delhi,Central Delhi,,
9,Delhi,145,East Delhi,East Delhi,East Delhi,,
9,Delhi,140,New Delhi,New Delhi,New Delhi,,
9,Delhi,146,North Delhi,North Delhi,North Delhi,,
9,Delhi,147,North East Delhi,North East Delhi,North East Delhi,,
9,Delhi,143,North West Delhi,North West Delhi,North West Delhi,,
9,Delhi,148,Shahdara,Shahdara,Shahdara,,
9,Delhi,149,South Delhi,South Delhi,South Delhi,,
9,Delhi,144,South East Delhi,South East Delhi,South East Delhi,,
9,Delhi,150,South West Delhi,South West Delhi,South West Delhi,,
9,Delhi,142,West Delhi,West Delhi,West Delhi,,
10,Goa,151,North Goa,North Goa,North Goa,,
10,Goa,152,South Goa,South Goa,South Goa,,
11,Gujarat,154,Ahmedabad,Ahmedabad,Ahmedabad,,770
11,Gujarat,770,Ahmedabad Corporation,#N/A,Ahmedabad Corporation,Add to Ahmedabad,154
11,Gujarat,174,Amreli,Amreli,Amreli,,
11,Gujarat,179,Anand,Anand,Anand,,
11,Gujarat,158,Aravalli,Aravalli,Aravalli,,
11,Gujarat,159,Banaskantha,Banaskantha,Banaskantha,,
11,Gujarat,180,Bharuch,Bharuch,Bharuch,,
11,Gujarat,175,Bhavnagar,Bhavnagar,Bhavnagar,,771
11,Gujarat,771,Bhavnagar Corporation,#N/A,Bhavnagar Corporation,Add to Bhavnagar,175
11,Gujarat,176,Botad,Botad,Botad,,
11,Gujarat,181,Chhota Udaipur,Chhota Udaipur,Chhotaudepur,,
11,Gujarat,182,Dahod,Dahod,Dahod,,
11,Gujarat,163,Dang,Dang,Dang,,
11,Gujarat,168,Devbhumi Dwarka,Devbhumi Dwarka,Devbhumi Dwaraka,,
11,Gujarat,153,Gandhinagar,Gandhinagar,Gandhinagar,,772
11,Gujarat,772,Gandhinagar Corporation,#N/A,Gandhinagar Corporation,Add to Gandhinagar,153
11,Gujarat,177,Gir Somnath,Gir Somnath,Gir Somnath,,
11,Gujarat,169,Jamnagar,Jamnagar,Jamnagar,,773
11,Gujarat,773,Jamnagar Corporation,#N/A,Jamnagar Corporation,Add to Jamnagar,169
11,Gujarat,178,Junagadh,Junagadh,Junagadh,,774
11,Gujarat,774,Junagadh Corporation,#N/A,Junagadh Corporation,Add to Junagadh,178
11,Gujarat,156,Kheda,Kheda,Kheda,,
11,Gujarat,170,Kutch,Kutch,Kutch,,
11,Gujarat,183,Mahisagar,Mahisagar,Mahisagar,,
11,Gujarat,160,Mehsana,Mehsana,Mehsana,,
11,Gujarat,171,Morbi,Morbi,Morbi,,
11,Gujarat,184,Narmada,Narmada,Narmada,,
11,Gujarat,164,Navsari,Navsari,Navsari,,
11,Gujarat,185,Panchmahal,Panchmahal,Panchmahal,,
11,Gujarat,161,Patan,Patan,Patan,,
11,Gujarat,172,Porbandar,Porbandar,Porbandar,,
11,Gujarat,173,Rajkot,Rajkot,Rajkot,,775
11,Gujarat,775,Rajkot Corporation,#N/A,Rajkot Corporation,Add to Rajkot,173
11,Gujarat,162,Sabarkantha,Sabarkantha,Sabarkantha,,
11,Gujarat,165,Surat,Surat,Surat,,776
11,Gujarat,776,Surat Corporation,#N/A,Surat Corporation,Add to Surat,165
11,Gujarat,157,Surendranagar,Surendranagar,Surendranagar,,
11,Gujarat,166,Tapi,Tapi,Tapi,,
11,Gujarat,155,Vadodara,Vadodara,Vadodara,,777
11,Gujarat,777,Vadodara Corporation,#N/A,Vadodara Corporation,Add to Vadodara,155
11,Gujarat,167,Valsad,Valsad,Valsad,,
12,Haryana,193,Ambala,Ambala,Ambala,,
12,Haryana,200,Bhiwani,Bhiwani,Bhiwani,,
12,Haryana,201,Charkhi Dadri,Charkhi Dadri,Charkhi Dadri,,
12,Haryana,199,Faridabad,Faridabad,Faridabad,,
12,Haryana,196,Fatehabad,Fatehabad,Fatehabad,,
12,Haryana,188,Gurugram,Gurugram,Gurgaon,,
12,Haryana,191,Hisar,Hisar,Hisar,,
12,Haryana,189,Jhajjar,Jhajjar,Jhajjar,,
12,Haryana,204,Jind,Jind,Jind,,
12,Haryana,190,Kaithal,Kaithal,Kaithal,,
12,Haryana,203,Karnal,Karnal,Karnal,,
12,Haryana,186,Kurukshetra,Kurukshetra,Kurukshetra,,
12,Haryana,206,Mahendragarh,Mahendragarh,Mahendragarh,,
12,Haryana,205,Nuh,Nuh,Nuh,,
12,Haryana,207,Palwal,Palwal,Palwal,,
12,Haryana,187,Panchkula,Panchkula,Panchkula,,
12,Haryana,195,Panipat,Panipat,Panipat,,
12,Haryana,202,Rewari,Rewari,Rewari,,
12,Haryana,192,Rohtak,Rohtak,Rohtak,,
12,Haryana,194,Sirsa,Sirsa,Sirsa,,
12,Haryana,198,Sonipat,Sonipat,Sonipat,,
12,Haryana,197,Yamunanagar,Yamunanagar,Yamunanagar,,
13,Himachal Pradesh,219,Bilaspur,Bilaspur,Bilaspur,,
13,Himachal Pradesh,214,Chamba,Chamba,Chamba,,
13,Himachal Pradesh,217,Hamirpur,Hamirpur,Hamirpur,,
13,Himachal Pradesh,213,Kangra,Kangra,Kangra,,
13,Himachal Pradesh,216,Kinnaur,Kinnaur,Kinnaur,,
13,Himachal Pradesh,211,Kullu,Kullu,Kullu,,
13,Himachal Pradesh,210,Lahaul and Spiti,Lahaul and Spiti,Lahaul Spiti,,
13,Himachal Pradesh,215,Mandi,Mandi,Mandi,,
13,Himachal Pradesh,208,Shimla,Shimla,Shimla,,
13,Himachal Pradesh,212,Sirmaur,Sirmaur,Sirmaur,,
13,Himachal Pradesh,209,Solan,Solan,Solan,,
13,Himachal Pradesh,218,Una,Una,Una,,
14,Jammu and Kashmir,224,Anantnag,Anantnag,Anantnag,,
14,Jammu and Kashmir,223,Bandipora,Bandipora,Bandipore,,
14,Jammu and Kashmir,225,Baramulla,Baramulla,Baramulla,,
14,Jammu and Kashmir,229,Budgam,Budgam,Budgam,,
14,Jammu and Kashmir,232,Doda,Doda,Doda,,
14,Jammu and Kashmir,228,Ganderbal,Ganderbal,Ganderbal,,
14,Jammu and Kashmir,230,Jammu,Jammu,Jammu,,
14,Jammu and Kashmir,234,Kathua,Kathua,Kathua,,
14,Jammu and Kashmir,231,Kishtwar,Kishtwar,Kishtwar,,
14,Jammu and Kashmir,221,Kulgam,Kulgam,Kulgam,,
14,Jammu and Kashmir,226,Kupwara,Kupwara,Kupwara,,
14,Jammu and Kashmir,238,Punch,Punch,Poonch,,
14,Jammu and Kashmir,227,Pulwama,Pulwama,Pulwama,,
14,Jammu and Kashmir,237,Rajouri,Rajouri,Rajouri,,
14,Jammu and Kashmir,235,Ramban,Ramban,Ramban,,
14,Jammu and Kashmir,239,Reasi,Reasi,Reasi,,
14,Jammu and Kashmir,236,Samba,Samba,Samba,,
14,Jammu and Kashmir,222,Shopiyan,Shopiyan,Shopian,,
14,Jammu and Kashmir,220,Srinagar,Srinagar,Srinagar,,
14,Jammu and Kashmir,233,Udhampur,Udhampur,Udhampur,,
15,Jharkhand,242,Bokaro,Bokaro,Bokaro,,
15,Jharkhand,245,Chatra,Chatra,Chatra,,
15,Jharkhand,253,Deoghar,Deoghar,Deoghar,,
15,Jharkhand,257,Dhanbad,Dhanbad,Dhanbad,,
15,Jharkhand,258,Dumka,Dumka,Dumka,,
15,Jharkhand,247,East Singhbhum,East Singhbhum,East Singhbhum,,
15,Jharkhand,243,Garhwa,Garhwa,Garhwa,,
15,Jharkhand,256,Giridih,Giridih,Giridih,,
15,Jharkhand,262,Godda,Godda,Godda,,
15,Jharkhand,251,Gumla,Gumla,Gumla,,
15,Jharkhand,255,Hazaribagh,Hazaribagh,Hazaribagh,,
15,Jharkhand,259,Jamtara,Jamtara,Jamtara,,
15,Jharkhand,252,Khunti,Khunti,Khunti,,
15,Jharkhand,241,Koderma,Koderma,Koderma,,
15,Jharkhand,244,Latehar,Latehar,Latehar,,
15,Jharkhand,250,Lohardaga,Lohardaga,Lohardaga,,
15,Jharkhand,261,Pakur,Pakur,Pakur,,
15,Jharkhand,246,Palamu,Palamu,Palamu,,
15,Jharkhand,254,Ramgarh,Ramgarh,Ramgarh,,
15,Jharkhand,240,Ranchi,Ranchi,Ranchi,,
15,Jharkhand,260,Sahibganj,Sahibganj,Sahebganj,,
15,Jharkhand,248,Saraikela-Kharsawan,Saraikela-Kharsawan,Seraikela Kharsawan,,
15,Jharkhand,249,Simdega,Simdega,Simdega,,
15,Jharkhand,263,West Singhbhum,West Singhbhum,West Singhbhum,,
16,Karnataka,270,Bagalkote,Bagalkote,Bagalkot,,
16,Karnataka,276,Bengaluru Rural,Bengaluru Rural,Bangalore Rural,,
16,Karnataka,265,Bengaluru Urban,Bengaluru Urban,Bangalore Urban,,294
16,Karnataka,294,BBMP,#N/A,BBMP,Add to Bengaluru Urban,265
16,Karnataka,264,Belagavi,Belagavi,Belgaum,,
16,Karnataka,274,Ballari,Ballari,Bellary,,
16,Karnataka,272,Bidar,Bidar,Bidar,,
16,Karnataka,271,Chamarajanagara,Chamarajanagara,Chamarajanagar,,
16,Karnataka,273,Chikkamagaluru,Chikkamagaluru,Chikamagalur,,
16,Karnataka,291,Chikkaballapura,Chikkaballapura,Chikkaballapur,,
16,Karnataka,268,Chitradurga,Chitradurga,Chitradurga,,
16,Karnataka,269,Dakshina Kannada,Dakshina Kannada,Dakshina Kannada,,
16,Karnataka,275,Davanagere,Davanagere,Davanagere,,
16,Karnataka,278,Dharwad,Dharwad,Dharwad,,
16,Karnataka,280,Gadag,Gadag,Gadag,,
16,Karnataka,267,Kalaburagi,Kalaburagi,Gulbarga,,
16,Karnataka,289,Hassan,Hassan,Hassan,,
16,Karnataka,279,Haveri,Haveri,Haveri,,
16,Karnataka,283,Kodagu,Kodagu,Kodagu,,
16,Karnataka,277,Kolar,Kolar,Kolar,,
16,Karnataka,282,Koppal,Koppal,Koppal,,
16,Karnataka,290,Mandya,Mandya,Mandya,,
16,Karnataka,266,Mysuru,Mysuru,Mysore,,
16,Karnataka,284,Raichur,Raichur,Raichur,,
16,Karnataka,292,Ramanagara,Ramanagara,Ramanagara,,
16,Karnataka,287,Shivamogga,Shivamogga,Shimoga,,
16,Karnataka,288,Tumakuru,Tumakuru,Tumkur,,
16,Karnataka,286,Udupi,Udupi,Udupi,,
16,Karnataka,281,Uttara Kannada,Uttara Kannada,Uttar Kannada,,
16,Karnataka,293,Vijayapura,Vijayapura,Vijayapura,,
16,Karnataka,285,Yadgir,Yadgir,Yadgir,,
17,Kerala,301,Alappuzha,Alappuzha,Alappuzha,,
17,Kerala,307,Ernakulam,Ernakulam,Ernakulam,,
17,Kerala,306,Idukki,Idukki,Idukki,,
17,Kerala,297,Kannur,Kannur,Kannur,,
17,Kerala,295,Kasaragod,Kasaragod,Kasaragod,,
17,Kerala,298,Kollam,Kollam,Kollam,,
17,Kerala,304,Kottayam,Kottayam,Kottayam,,
17,Kerala,305,Kozhikode,Kozhikode,Kozhikode,,
17,Kerala,302,Malappuram,Malappuram,Malappuram,,
17,Kerala,308,Palakkad,Palakkad,Palakkad,,
17,Kerala,300,Pathanamthitta,Pathanamthitta,Pathanamthitta,,
17,Kerala,296,Thiruvananthapuram,Thiruvananthapuram,Thiruvananthapuram,,
17,Kerala,303,Thrissur,Thrissur,Thrissur,,
17,Kerala,299,Wayanad,Wayanad,Wayanad,,
18,Ladakh,309,Kargil,Kargil,Kargil,,
18,Ladakh,310,Leh,Leh,Leh,,
19,Lakshadweep,311,Agatti Island,#N/A,Agatti Island,Add to Lakshadweep,311
19,Lakshadweep,311,Lakshadweep,Lakshadweep,Lakshadweep,,311
20,Madhya Pradesh,320,Agar Malwa,Agar Malwa,Agar,,
20,Madhya Pradesh,357,Alirajpur,Alirajpur,Alirajpur,,
20,Madhya Pradesh,334,Anuppur,Anuppur,Anuppur,,
20,Madhya Pradesh,354,Ashoknagar,Ashoknagar,Ashoknagar,,
20,Madhya Pradesh,338,Balaghat,Balaghat,Balaghat,,
20,Madhya Pradesh,343,Barwani,Barwani,Barwani,,
20,Madhya Pradesh,362,Betul,Betul,Betul,,
20,Madhya Pradesh,351,Bhind,Bhind,Bhind,,
20,Madhya Pradesh,312,Bhopal,Bhopal,Bhopal,,
20,Madhya Pradesh,342,Burhanpur,Burhanpur,Burhanpur,,
20,Madhya Pradesh,328,Chhatarpur,Chhatarpur,Chhatarpur,,
20,Madhya Pradesh,337,Chhindwara,Chhindwara,Chhindwara,,
20,Madhya Pradesh,327,Damoh,Damoh,Damoh,,
20,Madhya Pradesh,350,Datia,Datia,Datia,,
20,Madhya Pradesh,324,Dewas,Dewas,Dewas,,
20,Madhya Pradesh,341,Dhar,Dhar,Dhar,,
20,Madhya Pradesh,336,Dindori,Dindori,Dindori,,
20,Madhya Pradesh,348,Guna,Guna,Guna,,
20,Madhya Pradesh,313,Gwalior,Gwalior,Gwalior,,
20,Madhya Pradesh,361,Harda,Harda,Harda,,
20,Madhya Pradesh,360,Hoshangabad,Hoshangabad,Hoshangabad,,
20,Madhya Pradesh,314,Indore,Indore,Indore,,
20,Madhya Pradesh,315,Jabalpur,Jabalpur,Jabalpur,,
20,Madhya Pradesh,340,Jhabua,Jhabua,Jhabua,,
20,Madhya Pradesh,353,Katni,Katni,Katni,,
20,Madhya Pradesh,339,Khandwa,Khandwa,Khandwa,,
20,Madhya Pradesh,344,Khargone,Khargone,Khargone,,
20,Madhya Pradesh,335,Mandla,Mandla,Mandla,,
20,Madhya Pradesh,319,Mandsaur,Mandsaur,Mandsaur,,
20,Madhya Pradesh,347,Morena,Morena,Morena,,
20,Madhya Pradesh,352,Narsinghpur,Narsinghpur,Narsinghpur,,
20,Madhya Pradesh,323,Neemuch,Neemuch,Neemuch,,
20,Madhya Pradesh,326,Panna,Panna,Panna,,
20,Madhya Pradesh,359,Raisen,Raisen,Raisen,,
20,Madhya Pradesh,358,Rajgarh,Rajgarh,Rajgarh,,
20,Madhya Pradesh,322,Ratlam,Ratlam,Ratlam,,
20,Madhya Pradesh,316,Rewa,Rewa,Rewa,,
20,Madhya Pradesh,317,Sagar,Sagar,Sagar,,
20,Madhya Pradesh,333,Satna,Satna,Satna,,
20,Madhya Pradesh,356,Sehore,Sehore,Sehore,,
20,Madhya Pradesh,349,Seoni,Seoni,Seoni,,
20,Madhya Pradesh,332,Shahdol,Shahdol,Shahdol,,
20,Madhya Pradesh,321,Shajapur,Shajapur,Shajapur,,
20,Madhya Pradesh,346,Sheopur,Sheopur,Sheopur,,
20,Madhya Pradesh,345,Shivpuri,Shivpuri,Shivpuri,,
20,Madhya Pradesh,331,Sidhi,Sidhi,Sidhi,,
20,Madhya Pradesh,330,Singrauli,Singrauli,Singrauli,,
20,Madhya Pradesh,325,Tikamgarh,Tikamgarh,Tikamgarh,,
20,Madhya Pradesh,318,Ujjain,Ujjain,Ujjain,,
20,Madhya Pradesh,329,Umaria,Umaria,Umaria,,
20,Madhya Pradesh,355,Vidisha,Vidisha,Vidisha,,
21,Maharashtra,391,Ahmednagar,Ahmednagar,Ahmednagar,,
21,Maharashtra,364,Akola,Akola,Akola,,
21,Maharashtra,366,Amravati,Amravati,Amravati,,
21,Maharashtra,397,Aurangabad,Aurangabad,Aurangabad ,,
21,Maharashtra,384,Beed,Beed,Beed,,
21,Maharashtra,370,Bhandara,Bhandara,Bhandara,,
21,Maharashtra,367,Buldhana,Buldhana,Buldhana,,
21,Maharashtra,380,Chandrapur,Chandrapur,Chandrapur,,
21,Maharashtra,388,Dhule,Dhule,Dhule,,
21,Maharashtra,379,Gadchiroli,Gadchiroli,Gadchiroli,,
21,Maharashtra,378,Gondia,Gondia,Gondia,,
21,Maharashtra,386,Hingoli,Hingoli,Hingoli,,
21,Maharashtra,390,Jalgaon,Jalgaon,Jalgaon,,
21,Maharashtra,396,Jalna,Jalna,Jalna,,
21,Maharashtra,371,Kolhapur,Kolhapur,Kolhapur,,
21,Maharashtra,383,Latur,Latur,Latur,,
21,Maharashtra,395,Mumbai,Mumbai,Mumbai,,
21,Maharashtra,365,Nagpur,Nagpur,Nagpur,,
21,Maharashtra,382,Nanded,Nanded,Nanded,,
21,Maharashtra,387,Nandurbar,Nandurbar,Nandurbar,,
21,Maharashtra,389,Nashik,Nashik,Nashik,,
21,Maharashtra,381,Osmanabad,Osmanabad,Osmanabad,,
21,Maharashtra,394,Palghar,Palghar,Palghar,,
21,Maharashtra,385,Parbhani,Parbhani,Parbhani,,
21,Maharashtra,363,Pune,Pune,Pune,,
21,Maharashtra,393,Raigad,Raigad,Raigad,,
21,Maharashtra,372,Ratnagiri,Ratnagiri,Ratnagiri,,
21,Maharashtra,373,Sangli,Sangli,Sangli,,
21,Maharashtra,376,Satara,Satara,Satara,,
21,Maharashtra,374,Sindhudurg,Sindhudurg,Sindhudurg,,
21,Maharashtra,375,Solapur,Solapur,Solapur,,
21,Maharashtra,392,Thane,Thane,Thane,,
21,Maharashtra,377,Wardha,Wardha,Wardha,,
21,Maharashtra,369,Washim,Washim,Washim,,
21,Maharashtra,368,Yavatmal,Yavatmal,Yavatmal,,
22,Manipur,398,Bishnupur,Bishnupur,Bishnupur,,
22,Manipur,399,Chandel,Chandel,Chandel,,
22,Manipur,400,Churachandpur,Churachandpur,Churachandpur,,
22,Manipur,401,Imphal East,Imphal East,Imphal East,,
22,Manipur,402,Imphal West,Imphal West,Imphal West,,
22,Manipur,410,Jiribam,Jiribam,Jiribam,,
22,Manipur,413,Kakching,Kakching,Kakching,,
22,Manipur,409,Kamjong,Kamjong,Kamjong,,
22,Manipur,408,Kangpokpi,Kangpokpi,Kangpokpi,,
22,Manipur,412,Noney,Noney,Noney,,
22,Manipur,411,Pherzawl,Pherzawl,Pherzawl,,
22,Manipur,403,Senapati,Senapati,Senapati,,
22,Manipur,404,Tamenglong,Tamenglong,Tamenglong,,
22,Manipur,407,Tengnoupal,Tengnoupal,Tengnoupal,,
22,Manipur,405,Thoubal,Thoubal,Thoubal,,
22,Manipur,406,Ukhrul,Ukhrul,Ukhrul,,
23,Meghalaya,424,East Garo Hills,East Garo Hills,East Garo Hills,,
23,Meghalaya,418,East Jaintia Hills,East Jaintia Hills,East Jaintia Hills,,
23,Meghalaya,414,East Khasi Hills,East Khasi Hills,East Khasi Hills,,
23,Meghalaya,423,North Garo Hills,North Garo Hills,North Garo Hills,,
23,Meghalaya,417,Ribhoi,Ribhoi,Ri-Bhoi,,
23,Meghalaya,421,South Garo Hills,South Garo Hills,South Garo Hills,,
23,Meghalaya,422,South West Garo Hills,South West Garo Hills,South West Garo Hills,,
23,Meghalaya,415,South West Khasi Hills,South West Khasi Hills,South West Khasi Hills,,
23,Meghalaya,420,West Garo Hills,West Garo Hills,West Garo Hills,,
23,Meghalaya,416,West Jaintia Hills,West Jaintia Hills,West Jaintia Hills,,
23,Meghalaya,419,West Khasi Hills,West Khasi Hills,West Khasi Hills,,
24,Mizoram,425,Aizawl,#N/A,Aizawl East,Add to Aizawl,426
24,Mizoram,426,Aizawl,#N/A,Aizawl West,Add to Aizawl,425
24,Mizoram,429,Champhai,Champhai,Champhai,,
24,Mizoram,428,Kolasib,Kolasib,Kolasib,,
24,Mizoram,432,Lawngtlai,Lawngtlai,Lawngtlai,,
24,Mizoram,431,Lunglei,Lunglei,Lunglei,,
24,Mizoram,427,Mamit,Mamit,Mamit,,
24,Mizoram,430,Serchhip,Serchhip,Serchhip,,
24,Mizoram,433,Saiha,Saiha,Siaha,,
25,Nagaland,434,Dimapur,Dimapur,Dimapur,,
25,Nagaland,444,Kiphire,Kiphire,Kiphire,,
25,Nagaland,441,Kohima,Kohima,Kohima,,
25,Nagaland,438,Longleng,Longleng,Longleng,,
25,Nagaland,437,Mokokchung,Mokokchung,Mokokchung,,
25,Nagaland,439,Mon,Mon,Mon,,
25,Nagaland,435,Peren,Peren,Peren,,
25,Nagaland,443,Phek,Phek,Phek,,
25,Nagaland,440,Tuensang,Tuensang,Tuensang,,
25,Nagaland,436,Wokha,Wokha,Wokha,,
25,Nagaland,442,Zunheboto,Zunheboto,Zunheboto,,
26,Odisha,445,Angul,Angul,Angul,,
26,Odisha,448,Balangir,Balangir,Balangir,,
26,Odisha,447,Balasore,Balasore,Balasore,,
26,Odisha,472,Bargarh,Bargarh,Bargarh,,
26,Odisha,454,Bhadrak,Bhadrak,Bhadrak,,
26,Odisha,468,Boudh,Boudh,Boudh,,
26,Odisha,457,Cuttack,Cuttack,Cuttack,,
26,Odisha,473,Deogarh,Deogarh,Deogarh,,
26,Odisha,458,Dhenkanal,Dhenkanal,Dhenkanal,,
26,Odisha,467,Gajapati,Gajapati,Gajapati,,
26,Odisha,449,Ganjam,Ganjam,Ganjam,,
26,Odisha,459,Jagatsinghpur,Jagatsinghpur,Jagatsinghpur,,
26,Odisha,460,Jajpur,Jajpur,Jajpur,,
26,Odisha,474,Jharsuguda,Jharsuguda,Jharsuguda,,
26,Odisha,464,Kalahandi,Kalahandi,Kalahandi,,
26,Odisha,450,Kandhamal,Kandhamal,Kandhamal,,
26,Odisha,461,Kendrapara,Kendrapara,Kendrapara,,
26,Odisha,455,Kendujhar,Kendujhar,Kendujhar,,
26,Odisha,446,Khordha,Khordha,Khurda,,
26,Odisha,451,Koraput,Koraput,Koraput,,
26,Odisha,469,Malkangiri,Malkangiri,Malkangiri,,
26,Odisha,456,Mayurbhanj,Mayurbhanj,Mayurbhanj,,
26,Odisha,470,Nabarangapur,Nabarangapur,Nabarangpur,,
26,Odisha,462,Nayagarh,Nayagarh,Nayagarh,,
26,Odisha,465,Nuapada,Nuapada,Nuapada,,
26,Odisha,463,Puri,Puri,Puri,,
26,Odisha,471,Rayagada,Rayagada,Rayagada,,
26,Odisha,452,Sambalpur,Sambalpur,Sambalpur,,
26,Odisha,466,Subarnapur,Subarnapur,Subarnapur,,
26,Odisha,453,Sundargarh,Sundargarh,Sundargarh,,
27,Puducherry,476,Karaikal,Karaikal,Karaikal,,
27,Puducherry,477,Mahe,Mahe,Mahe,,
27,Puducherry,475,Puducherry,Puducherry,Puducherry,,
27,Puducherry,478,Yanam,Yanam,Yanam,,
28,Punjab,485,Amritsar,Amritsar,Amritsar,,
28,Punjab,483,Barnala,Barnala,Barnala,,
28,Punjab,493,Bathinda,Bathinda,Bathinda,,
28,Punjab,499,Faridkot,Faridkot,Faridkot,,
28,Punjab,484,Fatehgarh Sahib,Fatehgarh Sahib,Fatehgarh Sahib,,
28,Punjab,487,Fazilka,Fazilka,Fazilka,,
28,Punjab,480,Ferozepur,Ferozepur,Ferozpur,,
28,Punjab,489,Gurdaspur,Gurdaspur,Gurdaspur,,
28,Punjab,481,Hoshiarpur,Hoshiarpur,Hoshiarpur,,
28,Punjab,492,Jalandhar,Jalandhar,Jalandhar,,
28,Punjab,479,Kapurthala,Kapurthala,Kapurthala,,
28,Punjab,488,Ludhiana,Ludhiana,Ludhiana,,
28,Punjab,482,Mansa,Mansa,Mansa,,
28,Punjab,491,Moga,Moga,Moga,,
28,Punjab,486,Pathankot,Pathankot,Pathankot,,
28,Punjab,494,Patiala,Patiala,Patiala,,
28,Punjab,497,Rupnagar,Rupnagar,Rup Nagar,,
28,Punjab,498,Sangrur,Sangrur,Sangrur,,
28,Punjab,496,S.A.S. Nagar,S.A.S. Nagar,SAS Nagar,,
28,Punjab,500,Shahid Bhagat Singh Nagar,Shahid Bhagat Singh Nagar,SBS Nagar,,
28,Punjab,490,Sri Muktsar Sahib,Sri Muktsar Sahib,Sri Muktsar Sahib,,
28,Punjab,495,Tarn Taran,Tarn Taran,Tarn Taran,,
29,Rajasthan,507,Ajmer,Ajmer,Ajmer,,
29,Rajasthan,512,Alwar,Alwar,Alwar,,
29,Rajasthan,519,Banswara,Banswara,Banswara,,
29,Rajasthan,516,Baran,Baran,Baran,,
29,Rajasthan,528,Barmer,Barmer,Barmer,,
29,Rajasthan,508,Bharatpur,Bharatpur,Bharatpur,,
29,Rajasthan,523,Bhilwara,Bhilwara,Bhilwara,,
29,Rajasthan,501,Bikaner,Bikaner,Bikaner,,
29,Rajasthan,514,Bundi,Bundi,Bundi,,
29,Rajasthan,521,Chittorgarh,Chittorgarh,Chittorgarh,,
29,Rajasthan,530,Churu,Churu,Churu,,
29,Rajasthan,511,Dausa,Dausa,Dausa,,
29,Rajasthan,524,Dholpur,Dholpur,Dholpur,,
29,Rajasthan,520,Dungarpur,Dungarpur,Dungarpur,,
29,Rajasthan,517,Hanumangarh,Hanumangarh,Hanumangarh,,
29,Rajasthan,505,Jaipur,#N/A,Jaipur I,Add to Jaipur,506
29,Rajasthan,506,Jaipur,#N/A,Jaipur II,Add to Jaipur,505
29,Rajasthan,527,Jaisalmer,Jaisalmer,Jaisalmer,,
29,Rajasthan,533,Jalore,Jalore,Jalore,,
29,Rajasthan,515,Jhalawar,Jhalawar,Jhalawar,,
29,Rajasthan,510,Jhunjhunu,Jhunjhunu,Jhunjhunu,,
29,Rajasthan,502,Jodhpur,Jodhpur,Jodhpur,,
29,Rajasthan,525,Karauli,Karauli,Karauli,,
29,Rajasthan,503,Kota,Kota,Kota,,
29,Rajasthan,532,Nagaur,Nagaur,Nagaur,,
29,Rajasthan,529,Pali,Pali,Pali,,
29,Rajasthan,522,Pratapgarh,Pratapgarh,Pratapgarh,,
29,Rajasthan,518,Rajsamand,Rajsamand,Rajsamand,,
29,Rajasthan,534,Sawai Madhopur,Sawai Madhopur,Sawai Madhopur,,
29,Rajasthan,513,Sikar,Sikar,Sikar,,
29,Rajasthan,531,Sirohi,Sirohi,Sirohi,,
29,Rajasthan,509,Ganganagar,Ganganagar,Sri Ganganagar,,
29,Rajasthan,526,Tonk,Tonk,Tonk,,
29,Rajasthan,504,Udaipur,Udaipur,Udaipur,,
30,Sikkim,535,East Sikkim,East Sikkim,East Sikkim,,
30,Sikkim,537,North Sikkim,North Sikkim,North Sikkim,,
30,Sikkim,538,South Sikkim,South Sikkim,South Sikkim,,
30,Sikkim,536,West Sikkim,West Sikkim,West Sikkim,,
31,Tamil Nadu,779,Aranthangi,#N/A,Aranthangi,Add to Pudukkottai,546
31,Tamil Nadu,555,Ariyalur,Ariyalur,Ariyalur,,
31,Tamil Nadu,578,Attur,#N/A,Attur,Add to Salem,545
31,Tamil Nadu,565,Chengalpattu,Chengalpattu,Chengalpet,,
31,Tamil Nadu,571,Chennai,Chennai,Chennai,,575
31,Tamil Nadu,778,Cheyyar,#N/A,Cheyyar,Add to Tiruvannamalai,553
31,Tamil Nadu,539,Coimbatore,Coimbatore,Coimbatore,,
31,Tamil Nadu,547,Cuddalore,Cuddalore,Cuddalore,,
31,Tamil Nadu,566,Dharmapuri,Dharmapuri,Dharmapuri,,
31,Tamil Nadu,556,Dindigul,Dindigul,Dindigul,,564
31,Tamil Nadu,563,Erode,Erode,Erode,,
31,Tamil Nadu,552,Kallakurichi,Kallakurichi,Kallakurichi,,
31,Tamil Nadu,557,Kancheepuram,Kancheepuram,Kanchipuram,,
31,Tamil Nadu,544,Kanyakumari,Kanyakumari,Kanyakumari,,
31,Tamil Nadu,559,Karur,Karur,Karur,,
31,Tamil Nadu,780,Kovilpatti,#N/A,Kovilpatti,Add to Thoothukkudi,554
31,Tamil Nadu,562,Krishnagiri,Krishnagiri,Krishnagiri,,
31,Tamil Nadu,540,Madurai,Madurai,Madurai,,
31,Tamil Nadu,576,Nagapattinam,Nagapattinam,Nagapattinam,,
31,Tamil Nadu,558,Namakkal,Namakkal,Namakkal,,
31,Tamil Nadu,577,Nilgiris,Nilgiris,Nilgiris,,
31,Tamil Nadu,564,Palani,#N/A,Palani,Add to Dindigul,556
31,Tamil Nadu,573,Paramakudi,#N/A,Paramakudi,Add to Ramanathapuram,567
31,Tamil Nadu,570,Perambalur,Perambalur,Perambalur,,
31,Tamil Nadu,575,Poonamallee,#N/A,Poonamallee,Add to Chennai,571
31,Tamil Nadu,546,Pudukkottai,Pudukkottai,Pudukkottai,,779
31,Tamil Nadu,567,Ramanathapuram,Ramanathapuram,Ramanathapuram,,573
31,Tamil Nadu,781,Ranipet,Ranipet,Ranipet,,
31,Tamil Nadu,545,Salem,Salem,Salem,,578
31,Tamil Nadu,561,Sivaganga,Sivaganga,Sivaganga,,
31,Tamil Nadu,580,Sivakasi,#N/A,Sivakasi,Add to Virudhunagar,549
31,Tamil Nadu,551,Tenkasi,Tenkasi,Tenkasi,,
31,Tamil Nadu,541,Thanjavur,Thanjavur,Thanjavur,,
31,Tamil Nadu,569,Theni,Theni,Theni,,
31,Tamil Nadu,554,Thoothukkudi,Thoothukkudi,Thoothukudi (Tuticorin),,780
31,Tamil Nadu,560,Tiruchirappalli,Tiruchirappalli,Tiruchirappalli,,
31,Tamil Nadu,548,Tirunelveli,Tirunelveli,Tirunelveli,,
31,Tamil Nadu,550,Tirupathur,#N/A,Tirupattur,Add to Tirupathur,
31,Tamil Nadu,568,Tiruppur,Tiruppur,Tiruppur,,
31,Tamil Nadu,572,Thiruvallur,#N/A,Tiruvallur,Add to Thiruvallur,
31,Tamil Nadu,553,Tiruvannamalai,Tiruvannamalai,Tiruvannamalai,,778
31,Tamil Nadu,574,Thiruvarur,#N/A,Tiruvarur,Add to Thiruvarur,
31,Tamil Nadu,543,Vellore,Vellore,Vellore,,
31,Tamil Nadu,542,Viluppuram,Viluppuram,Viluppuram,,
31,Tamil Nadu,549,Virudhunagar,Virudhunagar,Virudhunagar,,580
32,Telangana,582,Adilabad,Adilabad,Adilabad,,
32,Telangana,583,Bhadradri Kothagudem,Bhadradri Kothagudem,Bhadradri Kothagudem,,
32,Telangana,581,Hyderabad,Hyderabad,Hyderabad,,
32,Telangana,584,Jagtial,Jagtial,Jagtial,,
32,Telangana,585,Jangaon,Jangaon,Jangaon,,
32,Telangana,586,Jayashankar Bhupalapally,Jayashankar Bhupalapally,Jayashankar Bhupalpally,,
32,Telangana,587,Jogulamba Gadwal,Jogulamba Gadwal,Jogulamba Gadwal,,
32,Telangana,588,Kamareddy,Kamareddy,Kamareddy,,
32,Telangana,589,Karimnagar,Karimnagar,Karimnagar,,
32,Telangana,590,Khammam,Khammam,Khammam,,
32,Telangana,591,Komaram Bheem,Komaram Bheem,Kumuram Bheem,,
32,Telangana,592,Mahabubabad,Mahabubabad,Mahabubabad,,
32,Telangana,593,Mahabubnagar,Mahabubnagar,Mahabubnagar,,
32,Telangana,594,Mancherial,Mancherial,Mancherial,,
32,Telangana,595,Medak,Medak,Medak,,
32,Telangana,596,Medchal Malkajgiri,Medchal Malkajgiri,Medchal,,
32,Telangana,612,Mulugu,Mulugu,Mulugu,,
32,Telangana,597,Nagarkurnool,Nagarkurnool,Nagarkurnool,,
32,Telangana,598,Nalgonda,Nalgonda,Nalgonda,,
32,Telangana,613,Narayanpet,Narayanpet,Narayanpet,,
32,Telangana,599,Nirmal,Nirmal,Nirmal,,
32,Telangana,600,Nizamabad,Nizamabad,Nizamabad,,
32,Telangana,601,Peddapalli,Peddapalli,Peddapalli,,
32,Telangana,602,Rajanna Sircilla,Rajanna Sircilla,Rajanna Sircilla,,
32,Telangana,603,Ranga Reddy,Ranga Reddy,Rangareddy,,
32,Telangana,604,Sangareddy,Sangareddy,Sangareddy,,
32,Telangana,605,Siddipet,Siddipet,Siddipet,,
32,Telangana,606,Suryapet,Suryapet,Suryapet,,
32,Telangana,607,Vikarabad,Vikarabad,Vikarabad,,
32,Telangana,608,Wanaparthy,Wanaparthy,Wanaparthy,,
32,Telangana,609,Warangal Rural,Warangal Rural,Warangal(Rural),,
32,Telangana,610,Warangal Urban,Warangal Urban,Warangal(Urban),,
32,Telangana,611,Yadadri Bhuvanagiri,Yadadri Bhuvanagiri,Yadadri Bhuvanagiri,,
33,Tripura,614,Dhalai,Dhalai,Dhalai,,
33,Tripura,615,Gomati,Gomati,Gomati,,
33,Tripura,616,Khowai,Khowai,Khowai,,
33,Tripura,617,North Tripura,North Tripura,North Tripura,,
33,Tripura,618,Sipahijala,Sipahijala,Sepahijala,,
33,Tripura,619,South Tripura,South Tripura,South Tripura,,
33,Tripura,620,Unokoti,Unokoti,Unakoti,,
33,Tripura,621,West Tripura,West Tripura,West Tripura,,
34,Uttar Pradesh,622,Agra,Agra,Agra,,
34,Uttar Pradesh,623,Aligarh,Aligarh,Aligarh,,
34,Uttar Pradesh,625,Ambedkar Nagar,Ambedkar Nagar,Ambedkar Nagar,,
34,Uttar Pradesh,626,Amethi,Amethi,Amethi,,
34,Uttar Pradesh,627,Amroha,Amroha,Amroha,,
34,Uttar Pradesh,628,Auraiya,Auraiya,Auraiya,,
34,Uttar Pradesh,646,Ayodhya,Ayodhya,Ayodhya,,
34,Uttar Pradesh,629,Azamgarh,Azamgarh,Azamgarh,,
34,Uttar Pradesh,630,Budaun,Budaun,Badaun,,
34,Uttar Pradesh,631,Baghpat,Baghpat,Baghpat,,
34,Uttar Pradesh,632,Bahraich,Bahraich,Bahraich,,
34,Uttar Pradesh,633,Balrampur,Balrampur,Balarampur,,
34,Uttar Pradesh,634,Ballia,Ballia,Ballia,,
34,Uttar Pradesh,635,Banda,Banda,Banda,,
34,Uttar Pradesh,636,Barabanki,Barabanki,Barabanki,,
34,Uttar Pradesh,637,Bareilly,Bareilly,Bareilly,,
34,Uttar Pradesh,638,Basti,Basti,Basti,,
34,Uttar Pradesh,687,Bhadohi,Bhadohi,Bhadohi,,
34,Uttar Pradesh,639,Bijnor,Bijnor,Bijnour,,
34,Uttar Pradesh,640,Bulandshahr,Bulandshahr,Bulandshahr,,
34,Uttar Pradesh,641,Chandauli,Chandauli,Chandauli,,
34,Uttar Pradesh,642,Chitrakoot,Chitrakoot,Chitrakoot,,
34,Uttar Pradesh,643,Deoria,Deoria,Deoria,,
34,Uttar Pradesh,644,Etah,Etah,Etah,,
34,Uttar Pradesh,645,Etawah,Etawah,Etawah,,
34,Uttar Pradesh,647,Farrukhabad,Farrukhabad,Farrukhabad,,
34,Uttar Pradesh,648,Fatehpur,Fatehpur,Fatehpur,,
34,Uttar Pradesh,649,Firozabad,Firozabad,Firozabad,,
34,Uttar Pradesh,650,Gautam Buddha Nagar,Gautam Buddha Nagar,Gautam Buddha Nagar,,
34,Uttar Pradesh,651,Ghaziabad,Ghaziabad,Ghaziabad,,
34,Uttar Pradesh,652,Ghazipur,Ghazipur,Ghazipur,,
34,Uttar Pradesh,653,Gonda,Gonda,Gonda,,
34,Uttar Pradesh,654,Gorakhpur,Gorakhpur,Gorakhpur,,
34,Uttar Pradesh,655,Hamirpur,Hamirpur,Hamirpur,,
34,Uttar Pradesh,656,Hapur,Hapur,Hapur,,
34,Uttar Pradesh,657,Hardoi,Hardoi,Hardoi,,
34,Uttar Pradesh,658,Hathras,Hathras,Hathras,,
34,Uttar Pradesh,659,Jalaun,Jalaun,Jalaun,,
34,Uttar Pradesh,660,Jaunpur,Jaunpur,Jaunpur,,
34,Uttar Pradesh,661,Jhansi,Jhansi,Jhansi,,
34,Uttar Pradesh,662,Kannauj,Kannauj,Kannauj,,
34,Uttar Pradesh,663,Kanpur Dehat,Kanpur Dehat,Kanpur Dehat,,
34,Uttar Pradesh,664,Kanpur Nagar,Kanpur Nagar,Kanpur Nagar,,
34,Uttar Pradesh,665,Kasganj,Kasganj,Kasganj,,
34,Uttar Pradesh,666,Kaushambi,Kaushambi,Kaushambi,,
34,Uttar Pradesh,667,Kushinagar,Kushinagar,Kushinagar,,
34,Uttar Pradesh,668,Lakhimpur Kheri,Lakhimpur Kheri,Lakhimpur Kheri,,
34,Uttar Pradesh,669,Lalitpur,Lalitpur,Lalitpur,,
34,Uttar Pradesh,670,Lucknow,Lucknow,Lucknow,,
34,Uttar Pradesh,671,Maharajganj,Maharajganj,Maharajganj,,
34,Uttar Pradesh,672,Mahoba,Mahoba,Mahoba,,
34,Uttar Pradesh,673,Mainpuri,Mainpuri,Mainpuri,,
34,Uttar Pradesh,674,Mathura,Mathura,Mathura,,
34,Uttar Pradesh,675,Mau,Mau,Mau,,
34,Uttar Pradesh,676,Meerut,Meerut,Meerut,,
34,Uttar Pradesh,677,Mirzapur,Mirzapur,Mirzapur,,
34,Uttar Pradesh,678,Moradabad,Moradabad,Moradabad,,
34,Uttar Pradesh,679,Muzaffarnagar,Muzaffarnagar,Muzaffarnagar,,
34,Uttar Pradesh,680,Pilibhit,Pilibhit,Pilibhit,,
34,Uttar Pradesh,682,Pratapgarh,Pratapgarh,Pratapgarh,,
34,Uttar Pradesh,624,Prayagraj,Prayagraj,Prayagraj,,
34,Uttar Pradesh,681,Rae Bareli,Rae Bareli,Raebareli,,
34,Uttar Pradesh,683,Rampur,Rampur,Rampur,,
34,Uttar Pradesh,684,Saharanpur,Saharanpur,Saharanpur,,
34,Uttar Pradesh,685,Sambhal,Sambhal,Sambhal,,
34,Uttar Pradesh,686,Sant Kabir Nagar,Sant Kabir Nagar,Sant Kabir Nagar,,
34,Uttar Pradesh,688,Shahjahanpur,Shahjahanpur,Shahjahanpur,,
34,Uttar Pradesh,689,Shamli,Shamli,Shamli,,
34,Uttar Pradesh,690,Shrawasti,Shrawasti,Shravasti,,
34,Uttar Pradesh,691,Siddharthnagar,Siddharthnagar,Siddharthnagar,,
34,Uttar Pradesh,692,Sitapur,Sitapur,Sitapur,,
34,Uttar Pradesh,693,Sonbhadra,Sonbhadra,Sonbhadra,,
34,Uttar Pradesh,694,Sultanpur,Sultanpur,Sultanpur,,
34,Uttar Pradesh,695,Unnao,Unnao,Unnao,,
34,Uttar Pradesh,696,Varanasi,Varanasi,Varanasi,,
35,Uttarakhand,704,Almora,Almora,Almora,,
35,Uttarakhand,707,Bageshwar,Bageshwar,Bageshwar,,
35,Uttarakhand,699,Chamoli,Chamoli,Chamoli,,
35,Uttarakhand,708,Champawat,Champawat,Champawat,,
35,Uttarakhand,697,Dehradun,Dehradun,Dehradun,,
35,Uttarakhand,702,Haridwar,Haridwar,Haridwar,,
35,Uttarakhand,709,Nainital,Nainital,Nainital,,
35,Uttarakhand,698,Pauri Garhwal,Pauri Garhwal,Pauri Garhwal,,
35,Uttarakhand,706,Pithoragarh,Pithoragarh,Pithoragarh,,
35,Uttarakhand,700,Rudraprayag,Rudraprayag,Rudraprayag,,
35,Uttarakhand,701,Tehri Garhwal,Tehri Garhwal,Tehri Garhwal,,
35,Uttarakhand,705,Udham Singh Nagar,Udham Singh Nagar,Udham Singh Nagar,,
35,Uttarakhand,703,Uttarkashi,Uttarkashi,Uttarkashi,,
36,West Bengal,710,Alipurduar,Alipurduar,Alipurduar District,,
36,West Bengal,711,Bankura,Bankura,Bankura,,
36,West Bengal,712,North 24 Parganas,North 24 Parganas,Basirhat HD (North 24 Parganas),,
36,West Bengal,713,Birbhum,Birbhum,Birbhum,,
36,West Bengal,714,Bankura,Bankura,Bishnupur HD (Bankura),,
36,West Bengal,783,Cooch Behar,Cooch Behar,Cooch Behar,,
36,West Bengal,783,Cooch Behar,Cooch Behar,COOCHBEHAR,,
36,West Bengal,716,Dakshin Dinajpur,Dakshin Dinajpur,Dakshin Dinajpur,,
36,West Bengal,717,Darjeeling,Darjeeling,Darjeeling,,
36,West Bengal,718,South 24 Parganas,South 24 Parganas,Diamond Harbor HD (S 24 Parganas),,
36,West Bengal,719,Purba Bardhaman,Purba Bardhaman,East Bardhaman,,
36,West Bengal,720,Hooghly,Hooghly,Hoogly,,
36,West Bengal,721,Howrah,Howrah,Howrah,,
36,West Bengal,722,Jalpaiguri,Jalpaiguri,Jalpaiguri,,
36,West Bengal,723,Jhargram,Jhargram,Jhargram,,
36,West Bengal,724,Kalimpong,Kalimpong,Kalimpong,,
36,West Bengal,725,Kolkata,Kolkata,Kolkata,,
36,West Bengal,726,Malda,Malda,Malda,,
36,West Bengal,727,Murshidabad,Murshidabad,Murshidabad,,
36,West Bengal,728,Nadia,Nadia,Nadia,,
36,West Bengal,729,Nandigram HD (East Medinipore),#N/A,Nandigram HD (East Medinipore),Add to Purba Medinipur,732
36,West Bengal,730,North 24 Parganas,North 24 Parganas,North 24 Parganas,,
36,West Bengal,731,Paschim Medinipur,#N/A,Paschim Medinipore,Add to Paschim Medinipur,
36,West Bengal,732,Purba Medinipur,#N/A,Purba Medinipore,Add to Purba Medinipur,729
36,West Bengal,733,Purulia,Purulia,Purulia,,
36,West Bengal,734,Birbhum,Birbhum,Rampurhat HD (Birbhum),,
36,West Bengal,735,South 24 Parganas,South 24 Parganas,South 24 Parganas,,
36,West Bengal,736,Uttar Dinajpur,Uttar Dinajpur,Uttar Dinajpur,,
36,West Bengal,737,Paschim Bardhaman,Paschim Bardhaman,West Bardhaman,,
